Date,Param,Values
0,12/15/2021,Temperature,21.4
1,12/16/2021,Temperature,20.75
2,12/17/2021,Temperature,21.17
3,12/18/2021,Temperature,21.2
4,12/19/2021,Temperature,20.81
5,12/20/2021,Temperature,21.22
6,12/21/2021,Temperature,21.14
7,12/22/2021,Temperature,21.22
8,12/23/2021,Temperature,21.2
9,12/24/2021,Temperature,20.87
10,12/25/2021,Temperature,21.12
11,12/26/2021,Temperature,20.95
12,12/27/2021,Temperature,20.77
13,12/28/2021,Temperature,21.12
14,12/29/2021,Temperature,21.26
15,12/30/2021,Temperature,20.7
16,12/31/2021,Temperature,20.68
17,1/1/2022,Temperature,20.55
18,1/2/2022,Temperature,20.3
19,1/3/2022,Temperature,20.69
20,1/4/2022,Temperature,20.28
21,1/5/2022,Temperature,20.6
22,1/6/2022,Temperature,20.33
23,1/7/2022,Temperature,20.36
24,1/8/2022,Temperature,20.33
25,1/9/2022,Temperature,20.44
26,1/10/2022,Temperature,20.29
27,1/11/2022,Temperature,20.34
28,1/12/2022,Temperature,20.43
29,1/13/2022,Temperature,20.63
30,1/14/2022,Temperature,20.47
31,1/15/2022,Temperature,20.2
32,1/16/2022,Temperature,20.11
33,1/17/2022,Temperature,19.91
34,1/18/2022,Temperature,20.03
35,1/19/2022,Temperature,20.09
36,1/20/2022,Temperature,20.03
37,1/21/2022,Temperature,20.09
38,1/22/2022,Temperature,20.01
39,1/23/2022,Temperature,20.17
40,1/24/2022,Temperature,19.95
41,1/25/2022,Temperature,20.1
42,1/26/2022,Temperature,20.17
43,1/27/2022,Temperature,19.97
44,1/28/2022,Temperature,20.1
45,1/29/2022,Temperature,20.17
46,1/30/2022,Temperature,19.9
47,1/31/2022,Temperature,20.69
48,2/1/2022,Temperature,20.63
49,2/2/2022,Temperature,20.22
50,2/3/2022,Temperature,20.24
51,2/4/2022,Temperature,20.3
52,2/5/2022,Temperature,20.12
53,2/6/2022,Temperature,20.86
54,2/7/2022,Temperature,20.74
55,2/8/2022,Temperature,20.25
56,2/9/2022,Temperature,20.83
57,2/10/2022,Temperature,20.63
58,2/11/2022,Temperature,20.82
59,2/12/2022,Temperature,19.96
60,2/13/2022,Temperature,20.34
61,2/14/2022,Temperature,19.9
62,2/15/2022,Temperature,20.9
63,2/16/2022,Temperature,21.27
64,2/17/2022,Temperature,21.31
65,2/18/2022,Temperature,21.44
66,2/19/2022,Temperature,21.16
67,2/20/2022,Temperature,21.29
68,2/21/2022,Temperature,20.97
69,2/22/2022,Temperature,21.07
70,2/23/2022,Temperature,21.43
71,2/24/2022,Temperature,21.25
72,2/25/2022,Temperature,21.34
73,2/26/2022,Temperature,21.01
74,2/27/2022,Temperature,21.01
75,2/28/2022,Temperature,21.5
76,3/1/2022,Temperature,23.93
77,3/2/2022,Temperature,24.61
78,3/3/2022,Temperature,22.93
79,3/4/2022,Temperature,23.88
80,3/5/2022,Temperature,23.19
81,3/6/2022,Temperature,22.16
82,3/7/2022,Temperature,23.23
83,3/8/2022,Temperature,23.48
84,3/9/2022,Temperature,23.2
85,3/10/2022,Temperature,24.34
86,3/11/2022,Temperature,24.14
87,3/12/2022,Temperature,23.36
88,3/13/2022,Temperature,23.48
89,3/14/2022,Temperature,21.81
90,3/15/2022,Temperature,24.7
91,3/16/2022,Temperature,25.85
92,3/17/2022,Temperature,26.83
93,3/18/2022,Temperature,24.89
94,3/19/2022,Temperature,24.84
95,3/20/2022,Temperature,25.27
96,3/21/2022,Temperature,25.57
97,3/22/2022,Temperature,26.63
98,3/23/2022,Temperature,26.43
99,3/24/2022,Temperature,25.02
100,3/25/2022,Temperature,24.74
101,3/26/2022,Temperature,26.42
102,3/27/2022,Temperature,25.77
103,3/28/2022,Temperature,26.16
104,3/29/2022,Temperature,26.58
105,3/30/2022,Temperature,26.9
106,3/31/2022,Temperature,29.35
107,4/1/2022,Temperature,29.44
108,4/2/2022,Temperature,27.71
109,4/3/2022,Temperature,28.94
110,4/4/2022,Temperature,28.58
111,4/5/2022,Temperature,26.91
112,4/6/2022,Temperature,27.43
113,4/7/2022,Temperature,27.03
114,4/8/2022,Temperature,27.45
115,4/9/2022,Temperature,28.45
116,4/10/2022,Temperature,27.27
117,4/11/2022,Temperature,27.26
118,4/12/2022,Temperature,28.88
119,4/13/2022,Temperature,28.19
120,4/14/2022,Temperature,28.2
121,4/15/2022,Temperature,29.7
122,4/16/2022,Temperature,30.98
123,4/17/2022,Temperature,31.19
124,4/18/2022,Temperature,29.7
125,4/19/2022,Temperature,30.02
126,4/20/2022,Temperature,30.5
127,4/21/2022,Temperature,30.04
128,4/22/2022,Temperature,30.3
129,4/23/2022,Temperature,29.77
130,4/24/2022,Temperature,30.62
131,4/25/2022,Temperature,30.39
132,4/26/2022,Temperature,29.86
133,4/27/2022,Temperature,30.67
134,4/28/2022,Temperature,30.83
135,4/29/2022,Temperature,30.84
136,4/30/2022,Temperature,31.3
137,5/1/2022,Temperature,32.11
138,5/2/2022,Temperature,31.95
139,5/3/2022,Temperature,32.54
140,5/4/2022,Temperature,31.88
141,5/5/2022,Temperature,32.55
142,5/6/2022,Temperature,31.6
143,5/7/2022,Temperature,31.92
144,5/8/2022,Temperature,31.58
145,5/9/2022,Temperature,31.61
146,5/10/2022,Temperature,32.0
147,5/11/2022,Temperature,32.54
148,5/12/2022,Temperature,32.31
149,5/13/2022,Temperature,31.63
150,5/14/2022,Temperature,32.66
151,5/15/2022,Temperature,32.8
152,5/16/2022,Temperature,32.64
153,5/17/2022,Temperature,32.51
154,5/18/2022,Temperature,32.66
155,5/19/2022,Temperature,32.23
156,5/20/2022,Temperature,32.45
157,5/21/2022,Temperature,32.3
158,5/22/2022,Temperature,32.46
159,5/23/2022,Temperature,32.68
160,5/24/2022,Temperature,32.66
161,5/25/2022,Temperature,32.5
162,5/26/2022,Temperature,32.21
163,5/27/2022,Temperature,32.15
164,5/28/2022,Temperature,32.37
165,5/29/2022,Temperature,32.65
166,5/30/2022,Temperature,32.1
167,5/31/2022,Temperature,30.69
168,6/1/2022,Temperature,31.55
169,6/2/2022,Temperature,30.4
170,6/3/2022,Temperature,32.05
171,6/4/2022,Temperature,31.13
172,6/5/2022,Temperature,31.1
173,6/6/2022,Temperature,31.33
174,6/7/2022,Temperature,30.76
175,6/8/2022,Temperature,31.34
176,6/9/2022,Temperature,31.13
177,6/10/2022,Temperature,30.25
178,6/11/2022,Temperature,31.83
179,6/12/2022,Temperature,31.7
180,6/13/2022,Temperature,31.13
181,6/14/2022,Temperature,31.71
182,6/15/2022,Temperature,30.1
183,6/16/2022,Temperature,29.32
184,6/17/2022,Temperature,29.19
185,6/18/2022,Temperature,28.97
186,6/19/2022,Temperature,28.18
187,6/20/2022,Temperature,29.84
188,6/21/2022,Temperature,29.57
189,6/22/2022,Temperature,28.96
190,6/23/2022,Temperature,28.75
191,6/24/2022,Temperature,28.24
192,6/25/2022,Temperature,28.34
193,6/26/2022,Temperature,28.46
194,6/27/2022,Temperature,29.43
195,6/28/2022,Temperature,28.33
196,6/29/2022,Temperature,29.83
197,6/30/2022,Temperature,28.1
198,7/1/2022,Temperature,27.92
199,7/2/2022,Temperature,27.96
200,7/3/2022,Temperature,28.03
201,7/4/2022,Temperature,28.07
202,7/5/2022,Temperature,27.93
203,7/6/2022,Temperature,27.94
204,7/7/2022,Temperature,28.09
205,7/8/2022,Temperature,28.01
206,7/9/2022,Temperature,27.93
207,7/10/2022,Temperature,27.99
208,7/11/2022,Temperature,28.0
209,7/12/2022,Temperature,27.92
210,7/13/2022,Temperature,28.0
211,7/14/2022,Temperature,28.05
212,7/15/2022,Temperature,27.9
213,7/16/2022,Temperature,27.77
214,7/17/2022,Temperature,27.17
215,7/18/2022,Temperature,27.84
216,7/19/2022,Temperature,27.69
217,7/20/2022,Temperature,27.26
218,7/21/2022,Temperature,27.75
219,7/22/2022,Temperature,27.39
220,7/23/2022,Temperature,27.57
221,7/24/2022,Temperature,27.6
222,7/25/2022,Temperature,27.84
223,7/26/2022,Temperature,27.26
224,7/27/2022,Temperature,27.3
225,7/28/2022,Temperature,27.64
226,7/29/2022,Temperature,27.64
227,7/30/2022,Temperature,27.1
228,7/31/2022,Temperature,27.06
229,8/1/2022,Temperature,27.09
230,8/2/2022,Temperature,26.93
231,8/3/2022,Temperature,26.36
232,8/4/2022,Temperature,26.83
233,8/5/2022,Temperature,26.96
234,8/6/2022,Temperature,26.81
235,8/7/2022,Temperature,27.04
236,8/8/2022,Temperature,26.4
237,8/9/2022,Temperature,26.36
238,8/10/2022,Temperature,27.0
239,8/11/2022,Temperature,26.76
240,8/12/2022,Temperature,27.05
241,8/13/2022,Temperature,26.79
242,8/14/2022,Temperature,26.71
243,8/15/2022,Temperature,26.2
244,8/16/2022,Temperature,27.06
245,8/17/2022,Temperature,27.09
246,8/18/2022,Temperature,26.93
247,8/19/2022,Temperature,26.36
248,8/20/2022,Temperature,26.83
249,8/21/2022,Temperature,26.96
250,8/22/2022,Temperature,26.81
251,8/23/2022,Temperature,27.04
252,8/24/2022,Temperature,26.4
253,8/25/2022,Temperature,26.36
254,8/26/2022,Temperature,27.0
255,8/27/2022,Temperature,26.76
256,8/28/2022,Temperature,27.05
257,8/29/2022,Temperature,26.79
258,8/30/2022,Temperature,26.1
259,8/31/2022,Temperature,25.95
260,9/1/2022,Temperature,25.2
261,9/2/2022,Temperature,25.51
262,9/3/2022,Temperature,25.81
263,9/4/2022,Temperature,25.07
264,9/5/2022,Temperature,25.24
265,9/6/2022,Temperature,25.06
266,9/7/2022,Temperature,25.66
267,9/8/2022,Temperature,25.88
268,9/9/2022,Temperature,25.24
269,9/10/2022,Temperature,25.52
270,9/11/2022,Temperature,25.47
271,9/12/2022,Temperature,25.38
272,9/13/2022,Temperature,25.04
273,9/14/2022,Temperature,25.17
274,9/15/2022,Temperature,25.0
275,9/16/2022,Temperature,24.96
276,9/17/2022,Temperature,24.63
277,9/18/2022,Temperature,24.94
278,9/19/2022,Temperature,24.83
279,9/20/2022,Temperature,24.83
280,9/21/2022,Temperature,24.97
281,9/22/2022,Temperature,24.62
282,9/23/2022,Temperature,24.61
283,9/24/2022,Temperature,24.82
284,9/25/2022,Temperature,24.99
285,9/26/2022,Temperature,24.74
286,9/27/2022,Temperature,24.87
287,9/28/2022,Temperature,24.64
288,9/29/2022,Temperature,25.0
289,9/30/2022,Temperature,24.5
290,10/1/2022,Temperature,23.54
291,10/2/2022,Temperature,24.41
292,10/3/2022,Temperature,23.15
293,10/4/2022,Temperature,23.44
294,10/5/2022,Temperature,23.2
295,10/6/2022,Temperature,24.13
296,10/7/2022,Temperature,23.83
297,10/8/2022,Temperature,23.76
298,10/9/2022,Temperature,23.82
299,10/10/2022,Temperature,24.32
300,10/11/2022,Temperature,23.8
301,10/12/2022,Temperature,24.25
302,10/13/2022,Temperature,24.41
303,10/14/2022,Temperature,23.97
304,10/15/2022,Temperature,23.1
305,10/16/2022,Temperature,22.95
306,10/17/2022,Temperature,22.65
307,10/18/2022,Temperature,22.68
308,10/19/2022,Temperature,23.04
309,10/20/2022,Temperature,22.99
310,10/21/2022,Temperature,22.69
311,10/22/2022,Temperature,23.07
312,10/23/2022,Temperature,22.94
313,10/24/2022,Temperature,22.6
314,10/25/2022,Temperature,22.68
315,10/26/2022,Temperature,23.0
316,10/27/2022,Temperature,22.86
317,10/28/2022,Temperature,22.65
318,10/29/2022,Temperature,22.83
319,10/30/2022,Temperature,22.6
320,10/31/2022,Temperature,22.04
321,11/1/2022,Temperature,22.11
322,11/2/2022,Temperature,22.08
323,11/3/2022,Temperature,22.26
324,11/4/2022,Temperature,22.41
325,11/5/2022,Temperature,22.28
326,11/6/2022,Temperature,22.11
327,11/7/2022,Temperature,22.41
328,11/8/2022,Temperature,22.07
329,11/9/2022,Temperature,22.46
330,11/10/2022,Temperature,22.19
331,11/11/2022,Temperature,22.4
332,11/12/2022,Temperature,22.43
333,11/13/2022,Temperature,22.1
334,11/14/2022,Temperature,22.22
335,11/15/2022,Temperature,22.0
336,11/16/2022,Temperature,21.98
337,11/17/2022,Temperature,21.89
338,11/18/2022,Temperature,21.98
339,11/19/2022,Temperature,21.92
340,11/20/2022,Temperature,21.84
341,11/21/2022,Temperature,21.95
342,11/22/2022,Temperature,21.86
343,11/23/2022,Temperature,21.9
344,11/24/2022,Temperature,21.87
345,11/25/2022,Temperature,21.83
346,11/26/2022,Temperature,21.84
347,11/27/2022,Temperature,21.86
348,11/28/2022,Temperature,21.91
349,11/29/2022,Temperature,21.82
350,11/30/2022,Temperature,21.8
351,12/1/2022,Temperature,21.67
352,12/2/2022,Temperature,21.62
353,12/3/2022,Temperature,21.58
354,12/4/2022,Temperature,21.55
355,12/5/2022,Temperature,21.55
356,12/6/2022,Temperature,21.55
357,12/7/2022,Temperature,21.7
358,12/8/2022,Temperature,21.55
359,12/9/2022,Temperature,21.53
360,12/10/2022,Temperature,21.58
361,12/11/2022,Temperature,21.79
362,12/12/2022,Temperature,21.79
363,12/13/2022,Temperature,21.57
364,12/14/2022,Temperature,21.75
365,12/15/2021,pH,8.48
366,12/16/2021,pH,8.44
367,12/17/2021,pH,8.45
368,12/18/2021,pH,8.36
369,12/19/2021,pH,8.48
370,12/20/2021,pH,8.44
371,12/21/2021,pH,8.41
372,12/22/2021,pH,8.38
373,12/23/2021,pH,8.47
374,12/24/2021,pH,8.41
375,12/25/2021,pH,8.45
376,12/26/2021,pH,8.45
377,12/27/2021,pH,8.47
378,12/28/2021,pH,8.36
379,12/29/2021,pH,8.48
380,12/30/2021,pH,8.35
381,12/31/2021,pH,8.39
382,1/1/2022,pH,8.37
383,1/2/2022,pH,8.38
384,1/3/2022,pH,8.36
385,1/4/2022,pH,8.39
386,1/5/2022,pH,8.39
387,1/6/2022,pH,8.38
388,1/7/2022,pH,8.36
389,1/8/2022,pH,8.36
390,1/9/2022,pH,8.39
391,1/10/2022,pH,8.39
392,1/11/2022,pH,8.39
393,1/12/2022,pH,8.37
394,1/13/2022,pH,8.37
395,1/14/2022,pH,8.39
396,1/15/2022,pH,8.4
397,1/16/2022,pH,8.42
398,1/17/2022,pH,8.4
399,1/18/2022,pH,8.41
400,1/19/2022,pH,8.41
401,1/20/2022,pH,8.42
402,1/21/2022,pH,8.42
403,1/22/2022,pH,8.41
404,1/23/2022,pH,8.42
405,1/24/2022,pH,8.4
406,1/25/2022,pH,8.42
407,1/26/2022,pH,8.41
408,1/27/2022,pH,8.42
409,1/28/2022,pH,8.41
410,1/29/2022,pH,8.42
411,1/30/2022,pH,8.43
412,1/31/2022,pH,8.46
413,2/1/2022,pH,8.45
414,2/2/2022,pH,8.47
415,2/3/2022,pH,8.46
416,2/4/2022,pH,8.46
417,2/5/2022,pH,8.46
418,2/6/2022,pH,8.46
419,2/7/2022,pH,8.45
420,2/8/2022,pH,8.49
421,2/9/2022,pH,8.44
422,2/10/2022,pH,8.46
423,2/11/2022,pH,8.43
424,2/12/2022,pH,8.46
425,2/13/2022,pH,8.45
426,2/14/2022,pH,8.46
427,2/15/2022,pH,8.49
428,2/16/2022,pH,8.52
429,2/17/2022,pH,8.5
430,2/18/2022,pH,8.52
431,2/19/2022,pH,8.51
432,2/20/2022,pH,8.54
433,2/21/2022,pH,8.5
434,2/22/2022,pH,8.51
435,2/23/2022,pH,8.52
436,2/24/2022,pH,8.5
437,2/25/2022,pH,8.53
438,2/26/2022,pH,8.56
439,2/27/2022,pH,8.51
440,2/28/2022,pH,8.56
441,3/1/2022,pH,8.27
442,3/2/2022,pH,8.53
443,3/3/2022,pH,8.5
444,3/4/2022,pH,8.27
445,3/5/2022,pH,8.43
446,3/6/2022,pH,8.18
447,3/7/2022,pH,8.31
448,3/8/2022,pH,8.52
449,3/9/2022,pH,8.4
450,3/10/2022,pH,8.46
451,3/11/2022,pH,8.24
452,3/12/2022,pH,8.28
453,3/13/2022,pH,8.34
454,3/14/2022,pH,8.34
455,3/15/2022,pH,8.17
456,3/16/2022,pH,8.0
457,3/17/2022,pH,7.87
458,3/18/2022,pH,7.94
459,3/19/2022,pH,8.04
460,3/20/2022,pH,8.14
461,3/21/2022,pH,8.15
462,3/22/2022,pH,8.11
463,3/23/2022,pH,8.12
464,3/24/2022,pH,8.09
465,3/25/2022,pH,8.17
466,3/26/2022,pH,7.92
467,3/27/2022,pH,8.0
468,3/28/2022,pH,7.85
469,3/29/2022,pH,7.97
470,3/30/2022,pH,7.83
471,3/31/2022,pH,7.48
472,4/1/2022,pH,7.61
473,4/2/2022,pH,7.78
474,4/3/2022,pH,7.35
475,4/4/2022,pH,7.35
476,4/5/2022,pH,7.79
477,4/6/2022,pH,7.45
478,4/7/2022,pH,7.68
479,4/8/2022,pH,7.59
480,4/9/2022,pH,7.78
481,4/10/2022,pH,7.75
482,4/11/2022,pH,7.48
483,4/12/2022,pH,7.55
484,4/13/2022,pH,7.46
485,4/14/2022,pH,7.68
486,4/15/2022,pH,7.35
487,4/16/2022,pH,7.25
488,4/17/2022,pH,6.75
489,4/18/2022,pH,7.01
490,4/19/2022,pH,6.92
491,4/20/2022,pH,6.59
492,4/21/2022,pH,7.27
493,4/22/2022,pH,6.93
494,4/23/2022,pH,6.33
495,4/24/2022,pH,6.97
496,4/25/2022,pH,7.29
497,4/26/2022,pH,6.54
498,4/27/2022,pH,7.18
499,4/28/2022,pH,7.17
500,4/29/2022,pH,6.61
501,4/30/2022,pH,6.29
502,5/1/2022,pH,6.25
503,5/2/2022,pH,6.22
504,5/3/2022,pH,6.22
505,5/4/2022,pH,6.28
506,5/5/2022,pH,6.29
507,5/6/2022,pH,6.2
508,5/7/2022,pH,6.22
509,5/8/2022,pH,6.22
510,5/9/2022,pH,6.2
511,5/10/2022,pH,6.2
512,5/11/2022,pH,6.21
513,5/12/2022,pH,6.23
514,5/13/2022,pH,6.26
515,5/14/2022,pH,6.26
516,5/15/2022,pH,6.18
517,5/16/2022,pH,6.14
518,5/17/2022,pH,6.12
519,5/18/2022,pH,6.12
520,5/19/2022,pH,6.13
521,5/20/2022,pH,6.12
522,5/21/2022,pH,6.17
523,5/22/2022,pH,6.14
524,5/23/2022,pH,6.11
525,5/24/2022,pH,6.17
526,5/25/2022,pH,6.18
527,5/26/2022,pH,6.13
528,5/27/2022,pH,6.16
529,5/28/2022,pH,6.13
530,5/29/2022,pH,6.16
531,5/30/2022,pH,6.11
532,5/31/2022,pH,6.17
533,6/1/2022,pH,6.17
534,6/2/2022,pH,6.18
535,6/3/2022,pH,6.18
536,6/4/2022,pH,6.18
537,6/5/2022,pH,6.15
538,6/6/2022,pH,6.13
539,6/7/2022,pH,6.17
540,6/8/2022,pH,6.14
541,6/9/2022,pH,6.12
542,6/10/2022,pH,6.13
543,6/11/2022,pH,6.14
544,6/12/2022,pH,6.12
545,6/13/2022,pH,6.18
546,6/14/2022,pH,6.15
547,6/15/2022,pH,6.19
548,6/16/2022,pH,6.47
549,6/17/2022,pH,6.6
550,6/18/2022,pH,6.21
551,6/19/2022,pH,6.26
552,6/20/2022,pH,6.46
553,6/21/2022,pH,6.55
554,6/22/2022,pH,6.34
555,6/23/2022,pH,6.38
556,6/24/2022,pH,6.49
557,6/25/2022,pH,6.44
558,6/26/2022,pH,6.63
559,6/27/2022,pH,6.64
560,6/28/2022,pH,6.71
561,6/29/2022,pH,6.31
562,6/30/2022,pH,6.76
563,7/1/2022,pH,6.85
564,7/2/2022,pH,7.01
565,7/3/2022,pH,6.87
566,7/4/2022,pH,6.99
567,7/5/2022,pH,6.78
568,7/6/2022,pH,6.98
569,7/7/2022,pH,6.84
570,7/8/2022,pH,6.98
571,7/9/2022,pH,6.89
572,7/10/2022,pH,6.8
573,7/11/2022,pH,6.84
574,7/12/2022,pH,6.8
575,7/13/2022,pH,7.01
576,7/14/2022,pH,7.05
577,7/15/2022,pH,7.14
578,7/16/2022,pH,7.26
579,7/17/2022,pH,7.19
580,7/18/2022,pH,7.19
581,7/19/2022,pH,7.15
582,7/20/2022,pH,7.15
583,7/21/2022,pH,7.25
584,7/22/2022,pH,7.16
585,7/23/2022,pH,7.26
586,7/24/2022,pH,7.17
587,7/25/2022,pH,7.23
588,7/26/2022,pH,7.22
589,7/27/2022,pH,7.21
590,7/28/2022,pH,7.22
591,7/29/2022,pH,7.26
592,7/30/2022,pH,7.26
593,7/31/2022,pH,7.12
594,8/1/2022,pH,7.2
595,8/2/2022,pH,7.21
596,8/3/2022,pH,7.2
597,8/4/2022,pH,7.24
598,8/5/2022,pH,7.12
599,8/6/2022,pH,7.21
600,8/7/2022,pH,7.22
601,8/8/2022,pH,7.15
602,8/9/2022,pH,7.24
603,8/10/2022,pH,7.19
604,8/11/2022,pH,7.11
605,8/12/2022,pH,7.21
606,8/13/2022,pH,7.14
607,8/14/2022,pH,7.13
608,8/15/2022,pH,7.1
609,8/16/2022,pH,7.12
610,8/17/2022,pH,7.2
611,8/18/2022,pH,7.21
612,8/19/2022,pH,7.2
613,8/20/2022,pH,7.24
614,8/21/2022,pH,7.12
615,8/22/2022,pH,7.21
616,8/23/2022,pH,7.22
617,8/24/2022,pH,7.15
618,8/25/2022,pH,7.24
619,8/26/2022,pH,7.19
620,8/27/2022,pH,7.11
621,8/28/2022,pH,7.21
622,8/29/2022,pH,7.14
623,8/30/2022,pH,7.14
624,8/31/2022,pH,7.18
625,9/1/2022,pH,7.17
626,9/2/2022,pH,7.24
627,9/3/2022,pH,7.24
628,9/4/2022,pH,7.17
629,9/5/2022,pH,7.17
630,9/6/2022,pH,7.15
631,9/7/2022,pH,7.15
632,9/8/2022,pH,7.22
633,9/9/2022,pH,7.21
634,9/10/2022,pH,7.21
635,9/11/2022,pH,7.18
636,9/12/2022,pH,7.23
637,9/13/2022,pH,7.15
638,9/14/2022,pH,7.19
639,9/15/2022,pH,7.25
640,9/16/2022,pH,7.34
641,9/17/2022,pH,7.38
642,9/18/2022,pH,7.26
643,9/19/2022,pH,7.38
644,9/20/2022,pH,7.35
645,9/21/2022,pH,7.28
646,9/22/2022,pH,7.37
647,9/23/2022,pH,7.25
648,9/24/2022,pH,7.26
649,9/25/2022,pH,7.33
650,9/26/2022,pH,7.32
651,9/27/2022,pH,7.37
652,9/28/2022,pH,7.35
653,9/29/2022,pH,7.27
654,9/30/2022,pH,7.39
655,10/1/2022,pH,7.4
656,10/2/2022,pH,7.5
657,10/3/2022,pH,7.45
658,10/4/2022,pH,7.46
659,10/5/2022,pH,7.41
660,10/6/2022,pH,7.4
661,10/7/2022,pH,7.42
662,10/8/2022,pH,7.5
663,10/9/2022,pH,7.43
664,10/10/2022,pH,7.43
665,10/11/2022,pH,7.51
666,10/12/2022,pH,7.4
667,10/13/2022,pH,7.46
668,10/14/2022,pH,7.41
669,10/15/2022,pH,7.51
670,10/16/2022,pH,7.52
671,10/17/2022,pH,7.55
672,10/18/2022,pH,7.53
673,10/19/2022,pH,7.54
674,10/20/2022,pH,7.54
675,10/21/2022,pH,7.52
676,10/22/2022,pH,7.51
677,10/23/2022,pH,7.51
678,10/24/2022,pH,7.53
679,10/25/2022,pH,7.52
680,10/26/2022,pH,7.52
681,10/27/2022,pH,7.52
682,10/28/2022,pH,7.54
683,10/29/2022,pH,7.51
684,10/30/2022,pH,7.55
685,10/31/2022,pH,7.56
686,11/1/2022,pH,7.55
687,11/2/2022,pH,7.55
688,11/3/2022,pH,7.55
689,11/4/2022,pH,7.56
690,11/5/2022,pH,7.56
691,11/6/2022,pH,7.56
692,11/7/2022,pH,7.56
693,11/8/2022,pH,7.55
694,11/9/2022,pH,7.56
695,11/10/2022,pH,7.55
696,11/11/2022,pH,7.55
697,11/12/2022,pH,7.55
698,11/13/2022,pH,7.56
699,11/14/2022,pH,7.55
700,11/15/2022,pH,7.56
701,11/16/2022,pH,7.83
702,11/17/2022,pH,7.85
703,11/18/2022,pH,8.01
704,11/19/2022,pH,7.93
705,11/20/2022,pH,7.89
706,11/21/2022,pH,8.0
707,11/22/2022,pH,7.97
708,11/23/2022,pH,7.8
709,11/24/2022,pH,7.57
710,11/25/2022,pH,8.11
711,11/26/2022,pH,7.97
712,11/27/2022,pH,7.9
713,11/28/2022,pH,7.68
714,11/29/2022,pH,7.93
715,11/30/2022,pH,8.11
716,12/1/2022,pH,8.12
717,12/2/2022,pH,8.12
718,12/3/2022,pH,8.13
719,12/4/2022,pH,8.14
720,12/5/2022,pH,8.14
721,12/6/2022,pH,8.13
722,12/7/2022,pH,8.12
723,12/8/2022,pH,8.12
724,12/9/2022,pH,8.12
725,12/10/2022,pH,8.15
726,12/11/2022,pH,8.15
727,12/12/2022,pH,8.14
728,12/13/2022,pH,8.14
729,12/14/2022,pH,8.12
730,12/15/2021,EC,1695.0
731,12/16/2021,EC,1773.0
732,12/17/2021,EC,1737.0
733,12/18/2021,EC,1743.0
734,12/19/2021,EC,1787.0
735,12/20/2021,EC,1768.0
736,12/21/2021,EC,1733.0
737,12/22/2021,EC,1770.0
738,12/23/2021,EC,1737.0
739,12/24/2021,EC,1752.0
740,12/25/2021,EC,1766.0
741,12/26/2021,EC,1781.0
742,12/27/2021,EC,1711.0
743,12/28/2021,EC,1735.0
744,12/29/2021,EC,1769.0
745,12/30/2021,EC,1789.0
746,12/31/2021,EC,1866.0
747,1/1/2022,EC,1791.0
748,1/2/2022,EC,1790.0
749,1/3/2022,EC,1913.0
750,1/4/2022,EC,1812.0
751,1/5/2022,EC,1845.0
752,1/6/2022,EC,1832.0
753,1/7/2022,EC,1920.0
754,1/8/2022,EC,1797.0
755,1/9/2022,EC,1812.0
756,1/10/2022,EC,1807.0
757,1/11/2022,EC,1873.0
758,1/12/2022,EC,1889.0
759,1/13/2022,EC,1820.0
760,1/14/2022,EC,1850.0
761,1/15/2022,EC,1921.0
762,1/16/2022,EC,1970.0
763,1/17/2022,EC,1964.0
764,1/18/2022,EC,1928.0
765,1/19/2022,EC,1959.0
766,1/20/2022,EC,1989.0
767,1/21/2022,EC,2015.0
768,1/22/2022,EC,1983.0
769,1/23/2022,EC,1923.0
770,1/24/2022,EC,1976.0
771,1/25/2022,EC,1938.0
772,1/26/2022,EC,1986.0
773,1/27/2022,EC,1958.0
774,1/28/2022,EC,1955.0
775,1/29/2022,EC,1935.0
776,1/30/2022,EC,2019.0
777,1/31/2022,EC,1948.0
778,2/1/2022,EC,2005.0
779,2/2/2022,EC,1954.0
780,2/3/2022,EC,1872.0
781,2/4/2022,EC,1823.0
782,2/5/2022,EC,2005.0
783,2/6/2022,EC,1849.0
784,2/7/2022,EC,1930.0
785,2/8/2022,EC,1981.0
786,2/9/2022,EC,1975.0
787,2/10/2022,EC,1956.0
788,2/11/2022,EC,1876.0
789,2/12/2022,EC,1999.0
790,2/13/2022,EC,1930.0
791,2/14/2022,EC,1961.0
792,2/15/2022,EC,1795.0
793,2/16/2022,EC,1788.0
794,2/17/2022,EC,1760.0
795,2/18/2022,EC,1765.0
796,2/19/2022,EC,1779.0
797,2/20/2022,EC,1766.0
798,2/21/2022,EC,1768.0
799,2/22/2022,EC,1766.0
800,2/23/2022,EC,1777.0
801,2/24/2022,EC,1771.0
802,2/25/2022,EC,1780.0
803,2/26/2022,EC,1790.0
804,2/27/2022,EC,1771.0
805,2/28/2022,EC,1759.0
806,3/1/2022,EC,1750.0
807,3/2/2022,EC,1739.0
808,3/3/2022,EC,1736.0
809,3/4/2022,EC,1750.0
810,3/5/2022,EC,1742.0
811,3/6/2022,EC,1729.0
812,3/7/2022,EC,1737.0
813,3/8/2022,EC,1734.0
814,3/9/2022,EC,1734.0
815,3/10/2022,EC,1743.0
816,3/11/2022,EC,1728.0
817,3/12/2022,EC,1747.0
818,3/13/2022,EC,1740.0
819,3/14/2022,EC,1739.0
820,3/15/2022,EC,1726.0
821,3/16/2022,EC,1770.0
822,3/17/2022,EC,1746.0
823,3/18/2022,EC,1798.0
824,3/19/2022,EC,1790.0
825,3/20/2022,EC,1773.0
826,3/21/2022,EC,1733.0
827,3/22/2022,EC,1730.0
828,3/23/2022,EC,1750.0
829,3/24/2022,EC,1734.0
830,3/25/2022,EC,1743.0
831,3/26/2022,EC,1780.0
832,3/27/2022,EC,1796.0
833,3/28/2022,EC,1729.0
834,3/29/2022,EC,1775.0
835,3/30/2022,EC,1813.0
836,3/31/2022,EC,1821.0
837,4/1/2022,EC,1814.0
838,4/2/2022,EC,1876.0
839,4/3/2022,EC,1882.0
840,4/4/2022,EC,1868.0
841,4/5/2022,EC,1843.0
842,4/6/2022,EC,1828.0
843,4/7/2022,EC,1868.0
844,4/8/2022,EC,1872.0
845,4/9/2022,EC,1822.0
846,4/10/2022,EC,1872.0
847,4/11/2022,EC,1846.0
848,4/12/2022,EC,1871.0
849,4/13/2022,EC,1887.0
850,4/14/2022,EC,1846.0
851,4/15/2022,EC,1902.0
852,4/16/2022,EC,1954.0
853,4/17/2022,EC,1955.0
854,4/18/2022,EC,1955.0
855,4/19/2022,EC,1914.0
856,4/20/2022,EC,1924.0
857,4/21/2022,EC,1961.0
858,4/22/2022,EC,1961.0
859,4/23/2022,EC,1955.0
860,4/24/2022,EC,1935.0
861,4/25/2022,EC,1908.0
862,4/26/2022,EC,1970.0
863,4/27/2022,EC,1944.0
864,4/28/2022,EC,1913.0
865,4/29/2022,EC,1944.0
866,4/30/2022,EC,1971.0
867,5/1/2022,EC,1801.0
868,5/2/2022,EC,1879.0
869,5/3/2022,EC,1939.0
870,5/4/2022,EC,1793.0
871,5/5/2022,EC,1931.0
872,5/6/2022,EC,1844.0
873,5/7/2022,EC,1912.0
874,5/8/2022,EC,1967.0
875,5/9/2022,EC,1814.0
876,5/10/2022,EC,1894.0
877,5/11/2022,EC,1855.0
878,5/12/2022,EC,1885.0
879,5/13/2022,EC,1903.0
880,5/14/2022,EC,1920.0
881,5/15/2022,EC,1789.0
882,5/16/2022,EC,1741.0
883,5/17/2022,EC,1772.0
884,5/18/2022,EC,1695.0
885,5/19/2022,EC,1741.0
886,5/20/2022,EC,1715.0
887,5/21/2022,EC,1772.0
888,5/22/2022,EC,1708.0
889,5/23/2022,EC,1777.0
890,5/24/2022,EC,1759.0
891,5/25/2022,EC,1693.0
892,5/26/2022,EC,1728.0
893,5/27/2022,EC,1766.0
894,5/28/2022,EC,1710.0
895,5/29/2022,EC,1771.0
896,5/30/2022,EC,1689.0
897,5/31/2022,EC,1571.0
898,6/1/2022,EC,1486.0
899,6/2/2022,EC,1648.0
900,6/3/2022,EC,1506.0
901,6/4/2022,EC,1626.0
902,6/5/2022,EC,1546.0
903,6/6/2022,EC,1590.0
904,6/7/2022,EC,1615.0
905,6/8/2022,EC,1639.0
906,6/9/2022,EC,1640.0
907,6/10/2022,EC,1662.0
908,6/11/2022,EC,1454.0
909,6/12/2022,EC,1482.0
910,6/13/2022,EC,1460.0
911,6/14/2022,EC,1596.0
912,6/15/2022,EC,1453.0
913,6/16/2022,EC,1388.0
914,6/17/2022,EC,1331.0
915,6/18/2022,EC,1353.0
916,6/19/2022,EC,1424.0
917,6/20/2022,EC,1414.0
918,6/21/2022,EC,1441.0
919,6/22/2022,EC,1401.0
920,6/23/2022,EC,1408.0
921,6/24/2022,EC,1449.0
922,6/25/2022,EC,1342.0
923,6/26/2022,EC,1374.0
924,6/27/2022,EC,1421.0
925,6/28/2022,EC,1398.0
926,6/29/2022,EC,1386.0
927,6/30/2022,EC,1325.0
928,7/1/2022,EC,1324.0
929,7/2/2022,EC,1324.0
930,7/3/2022,EC,1324.0
931,7/4/2022,EC,1324.0
932,7/5/2022,EC,1324.0
933,7/6/2022,EC,1324.0
934,7/7/2022,EC,1324.0
935,7/8/2022,EC,1324.0
936,7/9/2022,EC,1323.0
937,7/10/2022,EC,1325.0
938,7/11/2022,EC,1325.0
939,7/12/2022,EC,1324.0
940,7/13/2022,EC,1325.0
941,7/14/2022,EC,1324.0
942,7/15/2022,EC,1323.0
943,7/16/2022,EC,1304.0
944,7/17/2022,EC,1303.0
945,7/18/2022,EC,1298.0
946,7/19/2022,EC,1296.0
947,7/20/2022,EC,1314.0
948,7/21/2022,EC,1301.0
949,7/22/2022,EC,1281.0
950,7/23/2022,EC,1292.0
951,7/24/2022,EC,1290.0
952,7/25/2022,EC,1311.0
953,7/26/2022,EC,1293.0
954,7/27/2022,EC,1287.0
955,7/28/2022,EC,1320.0
956,7/29/2022,EC,1312.0
957,7/30/2022,EC,1279.0
958,7/31/2022,EC,1175.0
959,8/1/2022,EC,1214.0
960,8/2/2022,EC,1204.0
961,8/3/2022,EC,1130.0
962,8/4/2022,EC,1071.0
963,8/5/2022,EC,1208.0
964,8/6/2022,EC,1050.0
965,8/7/2022,EC,1192.0
966,8/8/2022,EC,1150.0
967,8/9/2022,EC,1274.0
968,8/10/2022,EC,1182.0
969,8/11/2022,EC,1111.0
970,8/12/2022,EC,1137.0
971,8/13/2022,EC,1220.0
972,8/14/2022,EC,1197.0
973,8/15/2022,EC,1047.0
974,8/16/2022,EC,1175.0
975,8/17/2022,EC,1214.0
976,8/18/2022,EC,1204.0
977,8/19/2022,EC,1130.0
978,8/20/2022,EC,1071.0
979,8/21/2022,EC,1208.0
980,8/22/2022,EC,1050.0
981,8/23/2022,EC,1192.0
982,8/24/2022,EC,1150.0
983,8/25/2022,EC,1274.0
984,8/26/2022,EC,1182.0
985,8/27/2022,EC,1111.0
986,8/28/2022,EC,1137.0
987,8/29/2022,EC,1220.0
988,8/30/2022,EC,1045.0
989,8/31/2022,EC,1028.0
990,9/1/2022,EC,1028.0
991,9/2/2022,EC,1029.0
992,9/3/2022,EC,952.0
993,9/4/2022,EC,1002.0
994,9/5/2022,EC,1031.0
995,9/6/2022,EC,1044.0
996,9/7/2022,EC,958.0
997,9/8/2022,EC,968.0
998,9/9/2022,EC,991.0
999,9/10/2022,EC,968.0
1000,9/11/2022,EC,987.0
1001,9/12/2022,EC,991.0
1002,9/13/2022,EC,1036.0
1003,9/14/2022,EC,970.0
1004,9/15/2022,EC,951.0
1005,9/16/2022,EC,970.0
1006,9/17/2022,EC,954.0
1007,9/18/2022,EC,959.0
1008,9/19/2022,EC,963.0
1009,9/20/2022,EC,965.0
1010,9/21/2022,EC,973.0
1011,9/22/2022,EC,961.0
1012,9/23/2022,EC,971.0
1013,9/24/2022,EC,961.0
1014,9/25/2022,EC,953.0
1015,9/26/2022,EC,961.0
1016,9/27/2022,EC,974.0
1017,9/28/2022,EC,967.0
1018,9/29/2022,EC,972.0
1019,9/30/2022,EC,976.0
1020,10/1/2022,EC,1132.0
1021,10/2/2022,EC,1218.0
1022,10/3/2022,EC,999.0
1023,10/4/2022,EC,1023.0
1024,10/5/2022,EC,1134.0
1025,10/6/2022,EC,1039.0
1026,10/7/2022,EC,1230.0
1027,10/8/2022,EC,1148.0
1028,10/9/2022,EC,1079.0
1029,10/10/2022,EC,1083.0
1030,10/11/2022,EC,1039.0
1031,10/12/2022,EC,1143.0
1032,10/13/2022,EC,1148.0
1033,10/14/2022,EC,1081.0
1034,10/15/2022,EC,1246.0
1035,10/16/2022,EC,1327.0
1036,10/17/2022,EC,1386.0
1037,10/18/2022,EC,1396.0
1038,10/19/2022,EC,1401.0
1039,10/20/2022,EC,1254.0
1040,10/21/2022,EC,1369.0
1041,10/22/2022,EC,1304.0
1042,10/23/2022,EC,1358.0
1043,10/24/2022,EC,1385.0
1044,10/25/2022,EC,1274.0
1045,10/26/2022,EC,1402.0
1046,10/27/2022,EC,1364.0
1047,10/28/2022,EC,1365.0
1048,10/29/2022,EC,1326.0
1049,10/30/2022,EC,1416.0
1050,10/31/2022,EC,1540.0
1051,11/1/2022,EC,1454.0
1052,11/2/2022,EC,1540.0
1053,11/3/2022,EC,1443.0
1054,11/4/2022,EC,1446.0
1055,11/5/2022,EC,1446.0
1056,11/6/2022,EC,1514.0
1057,11/7/2022,EC,1551.0
1058,11/8/2022,EC,1455.0
1059,11/9/2022,EC,1501.0
1060,11/10/2022,EC,1508.0
1061,11/11/2022,EC,1427.0
1062,11/12/2022,EC,1422.0
1063,11/13/2022,EC,1486.0
1064,11/14/2022,EC,1545.0
1065,11/15/2022,EC,1570.0
1066,11/16/2022,EC,1610.0
1067,11/17/2022,EC,1574.0
1068,11/18/2022,EC,1609.0
1069,11/19/2022,EC,1681.0
1070,11/20/2022,EC,1655.0
1071,11/21/2022,EC,1606.0
1072,11/22/2022,EC,1688.0
1073,11/23/2022,EC,1686.0
1074,11/24/2022,EC,1676.0
1075,11/25/2022,EC,1690.0
1076,11/26/2022,EC,1656.0
1077,11/27/2022,EC,1654.0
1078,11/28/2022,EC,1580.0
1079,11/29/2022,EC,1621.0
1080,11/30/2022,EC,1690.0
1081,12/1/2022,EC,1701.0
1082,12/2/2022,EC,1698.0
1083,12/3/2022,EC,1696.0
1084,12/4/2022,EC,1691.0
1085,12/5/2022,EC,1704.0
1086,12/6/2022,EC,1697.0
1087,12/7/2022,EC,1702.0
1088,12/8/2022,EC,1701.0
1089,12/9/2022,EC,1704.0
1090,12/10/2022,EC,1704.0
1091,12/11/2022,EC,1699.0
1092,12/12/2022,EC,1691.0
1093,12/13/2022,EC,1705.0
1094,12/14/2022,EC,1704.0
1095,12/15/2021,DO,2.59
1096,12/16/2021,DO,2.64
1097,12/17/2021,DO,2.61
1098,12/18/2021,DO,2.67
1099,12/19/2021,DO,2.68
1100,12/20/2021,DO,2.62
1101,12/21/2021,DO,2.68
1102,12/22/2021,DO,2.61
1103,12/23/2021,DO,2.66
1104,12/24/2021,DO,2.69
1105,12/25/2021,DO,2.65
1106,12/26/2021,DO,2.7
1107,12/27/2021,DO,2.61
1108,12/28/2021,DO,2.64
1109,12/29/2021,DO,2.63
1110,12/30/2021,DO,2.71
1111,12/31/2021,DO,2.81
1112,1/1/2022,DO,2.82
1113,1/2/2022,DO,2.75
1114,1/3/2022,DO,2.83
1115,1/4/2022,DO,2.73
1116,1/5/2022,DO,2.84
1117,1/6/2022,DO,2.83
1118,1/7/2022,DO,2.78
1119,1/8/2022,DO,2.83
1120,1/9/2022,DO,2.84
1121,1/10/2022,DO,2.81
1122,1/11/2022,DO,2.75
1123,1/12/2022,DO,2.72
1124,1/13/2022,DO,2.84
1125,1/14/2022,DO,2.73
1126,1/15/2022,DO,2.85
1127,1/16/2022,DO,2.86
1128,1/17/2022,DO,2.86
1129,1/18/2022,DO,2.86
1130,1/19/2022,DO,2.87
1131,1/20/2022,DO,2.86
1132,1/21/2022,DO,2.86
1133,1/22/2022,DO,2.86
1134,1/23/2022,DO,2.87
1135,1/24/2022,DO,2.87
1136,1/25/2022,DO,2.89
1137,1/26/2022,DO,2.88
1138,1/27/2022,DO,2.89
1139,1/28/2022,DO,2.87
1140,1/29/2022,DO,2.89
1141,1/30/2022,DO,2.89
1142,1/31/2022,DO,2.72
1143,2/1/2022,DO,2.71
1144,2/2/2022,DO,2.69
1145,2/3/2022,DO,2.82
1146,2/4/2022,DO,2.8
1147,2/5/2022,DO,2.73
1148,2/6/2022,DO,2.79
1149,2/7/2022,DO,2.89
1150,2/8/2022,DO,2.82
1151,2/9/2022,DO,2.78
1152,2/10/2022,DO,2.83
1153,2/11/2022,DO,2.75
1154,2/12/2022,DO,2.74
1155,2/13/2022,DO,2.88
1156,2/14/2022,DO,2.81
1157,2/15/2022,DO,2.68
1158,2/16/2022,DO,2.6
1159,2/17/2022,DO,2.56
1160,2/18/2022,DO,2.66
1161,2/19/2022,DO,2.6
1162,2/20/2022,DO,2.61
1163,2/21/2022,DO,2.66
1164,2/22/2022,DO,2.61
1165,2/23/2022,DO,2.55
1166,2/24/2022,DO,2.58
1167,2/25/2022,DO,2.68
1168,2/26/2022,DO,2.61
1169,2/27/2022,DO,2.62
1170,2/28/2022,DO,2.54
1171,3/1/2022,DO,2.2
1172,3/2/2022,DO,2.54
1173,3/3/2022,DO,2.08
1174,3/4/2022,DO,2.05
1175,3/5/2022,DO,2.23
1176,3/6/2022,DO,2.47
1177,3/7/2022,DO,2.04
1178,3/8/2022,DO,2.11
1179,3/9/2022,DO,2.3
1180,3/10/2022,DO,2.16
1181,3/11/2022,DO,2.48
1182,3/12/2022,DO,2.08
1183,3/13/2022,DO,2.5
1184,3/14/2022,DO,2.12
1185,3/15/2022,DO,2.03
1186,3/16/2022,DO,1.91
1187,3/17/2022,DO,1.79
1188,3/18/2022,DO,1.95
1189,3/19/2022,DO,1.72
1190,3/20/2022,DO,1.88
1191,3/21/2022,DO,1.97
1192,3/22/2022,DO,1.78
1193,3/23/2022,DO,2.03
1194,3/24/2022,DO,1.96
1195,3/25/2022,DO,1.71
1196,3/26/2022,DO,1.82
1197,3/27/2022,DO,1.91
1198,3/28/2022,DO,1.93
1199,3/29/2022,DO,1.75
1200,3/30/2022,DO,1.7
1201,3/31/2022,DO,1.01
1202,4/1/2022,DO,1.38
1203,4/2/2022,DO,1.57
1204,4/3/2022,DO,1.3
1205,4/4/2022,DO,1.35
1206,4/5/2022,DO,0.85
1207,4/6/2022,DO,1.45
1208,4/7/2022,DO,1.61
1209,4/8/2022,DO,1.01
1210,4/9/2022,DO,1.61
1211,4/10/2022,DO,0.9
1212,4/11/2022,DO,1.25
1213,4/12/2022,DO,1.23
1214,4/13/2022,DO,1.55
1215,4/14/2022,DO,1.6
1216,4/15/2022,DO,0.71
1217,4/16/2022,DO,0.39
1218,4/17/2022,DO,0.59
1219,4/18/2022,DO,0.24
1220,4/19/2022,DO,0.48
1221,4/20/2022,DO,0.35
1222,4/21/2022,DO,0.36
1223,4/22/2022,DO,0.67
1224,4/23/2022,DO,0.57
1225,4/24/2022,DO,0.55
1226,4/25/2022,DO,0.71
1227,4/26/2022,DO,0.35
1228,4/27/2022,DO,0.33
1229,4/28/2022,DO,0.41
1230,4/29/2022,DO,0.45
1231,4/30/2022,DO,0.13
1232,5/1/2022,DO,0.1
1233,5/2/2022,DO,0.11
1234,5/3/2022,DO,0.07
1235,5/4/2022,DO,0.09
1236,5/5/2022,DO,0.12
1237,5/6/2022,DO,0.06
1238,5/7/2022,DO,0.1
1239,5/8/2022,DO,0.06
1240,5/9/2022,DO,0.12
1241,5/10/2022,DO,0.1
1242,5/11/2022,DO,0.08
1243,5/12/2022,DO,0.04
1244,5/13/2022,DO,0.1
1245,5/14/2022,DO,0.11
1246,5/15/2022,DO,0.03
1247,5/16/2022,DO,0.03
1248,5/17/2022,DO,0.04
1249,5/18/2022,DO,0.05
1250,5/19/2022,DO,0.03
1251,5/20/2022,DO,0.05
1252,5/21/2022,DO,0.05
1253,5/22/2022,DO,0.05
1254,5/23/2022,DO,0.03
1255,5/24/2022,DO,0.04
1256,5/25/2022,DO,0.05
1257,5/26/2022,DO,0.03
1258,5/27/2022,DO,0.04
1259,5/28/2022,DO,0.04
1260,5/29/2022,DO,0.06
1261,5/30/2022,DO,0.06
1262,5/31/2022,DO,0.18
1263,6/1/2022,DO,0.19
1264,6/2/2022,DO,0.31
1265,6/3/2022,DO,0.25
1266,6/4/2022,DO,0.37
1267,6/5/2022,DO,0.08
1268,6/6/2022,DO,0.35
1269,6/7/2022,DO,0.24
1270,6/8/2022,DO,0.06
1271,6/9/2022,DO,0.14
1272,6/10/2022,DO,0.16
1273,6/11/2022,DO,0.21
1274,6/12/2022,DO,0.37
1275,6/13/2022,DO,0.36
1276,6/14/2022,DO,0.35
1277,6/15/2022,DO,0.43
1278,6/16/2022,DO,0.43
1279,6/17/2022,DO,0.45
1280,6/18/2022,DO,0.84
1281,6/19/2022,DO,0.69
1282,6/20/2022,DO,0.7
1283,6/21/2022,DO,0.89
1284,6/22/2022,DO,0.71
1285,6/23/2022,DO,0.75
1286,6/24/2022,DO,0.9
1287,6/25/2022,DO,0.7
1288,6/26/2022,DO,0.87
1289,6/27/2022,DO,0.61
1290,6/28/2022,DO,0.75
1291,6/29/2022,DO,0.51
1292,6/30/2022,DO,1.0
1293,7/1/2022,DO,1.0
1294,7/2/2022,DO,1.01
1295,7/3/2022,DO,1.02
1296,7/4/2022,DO,1.0
1297,7/5/2022,DO,1.01
1298,7/6/2022,DO,1.01
1299,7/7/2022,DO,1.03
1300,7/8/2022,DO,1.02
1301,7/9/2022,DO,1.02
1302,7/10/2022,DO,1.0
1303,7/11/2022,DO,1.01
1304,7/12/2022,DO,1.02
1305,7/13/2022,DO,1.0
1306,7/14/2022,DO,1.01
1307,7/15/2022,DO,1.03
1308,7/16/2022,DO,1.38
1309,7/17/2022,DO,1.18
1310,7/18/2022,DO,1.13
1311,7/19/2022,DO,1.09
1312,7/20/2022,DO,1.1
1313,7/21/2022,DO,1.09
1314,7/22/2022,DO,1.07
1315,7/23/2022,DO,1.37
1316,7/24/2022,DO,1.34
1317,7/25/2022,DO,1.41
1318,7/26/2022,DO,1.21
1319,7/27/2022,DO,1.2
1320,7/28/2022,DO,1.27
1321,7/29/2022,DO,1.04
1322,7/30/2022,DO,1.44
1323,7/31/2022,DO,1.54
1324,8/1/2022,DO,1.51
1325,8/2/2022,DO,1.61
1326,8/3/2022,DO,1.84
1327,8/4/2022,DO,1.93
1328,8/5/2022,DO,1.56
1329,8/6/2022,DO,1.53
1330,8/7/2022,DO,1.7
1331,8/8/2022,DO,1.58
1332,8/9/2022,DO,1.92
1333,8/10/2022,DO,1.76
1334,8/11/2022,DO,1.58
1335,8/12/2022,DO,1.64
1336,8/13/2022,DO,1.73
1337,8/14/2022,DO,1.67
1338,8/15/2022,DO,1.94
1339,8/16/2022,DO,1.54
1340,8/17/2022,DO,1.51
1341,8/18/2022,DO,1.61
1342,8/19/2022,DO,1.84
1343,8/20/2022,DO,1.93
1344,8/21/2022,DO,1.56
1345,8/22/2022,DO,1.53
1346,8/23/2022,DO,1.7
1347,8/24/2022,DO,1.58
1348,8/25/2022,DO,1.92
1349,8/26/2022,DO,1.76
1350,8/27/2022,DO,1.58
1351,8/28/2022,DO,1.64
1352,8/29/2022,DO,1.73
1353,8/30/2022,DO,1.95
1354,8/31/2022,DO,1.97
1355,9/1/2022,DO,1.97
1356,9/2/2022,DO,1.97
1357,9/3/2022,DO,1.96
1358,9/4/2022,DO,1.97
1359,9/5/2022,DO,1.97
1360,9/6/2022,DO,1.95
1361,9/7/2022,DO,1.97
1362,9/8/2022,DO,1.96
1363,9/9/2022,DO,1.95
1364,9/10/2022,DO,1.95
1365,9/11/2022,DO,1.97
1366,9/12/2022,DO,1.96
1367,9/13/2022,DO,1.97
1368,9/14/2022,DO,1.96
1369,9/15/2022,DO,1.98
1370,9/16/2022,DO,1.98
1371,9/17/2022,DO,2.0
1372,9/18/2022,DO,2.0
1373,9/19/2022,DO,2.0
1374,9/20/2022,DO,2.05
1375,9/21/2022,DO,2.02
1376,9/22/2022,DO,2.02
1377,9/23/2022,DO,2.01
1378,9/24/2022,DO,2.03
1379,9/25/2022,DO,2.0
1380,9/26/2022,DO,2.0
1381,9/27/2022,DO,1.99
1382,9/28/2022,DO,1.99
1383,9/29/2022,DO,1.98
1384,9/30/2022,DO,2.05
1385,10/1/2022,DO,2.12
1386,10/2/2022,DO,2.11
1387,10/3/2022,DO,2.06
1388,10/4/2022,DO,2.18
1389,10/5/2022,DO,2.11
1390,10/6/2022,DO,2.13
1391,10/7/2022,DO,2.14
1392,10/8/2022,DO,2.16
1393,10/9/2022,DO,2.16
1394,10/10/2022,DO,2.13
1395,10/11/2022,DO,2.07
1396,10/12/2022,DO,2.14
1397,10/13/2022,DO,2.06
1398,10/14/2022,DO,2.06
1399,10/15/2022,DO,2.19
1400,10/16/2022,DO,2.19
1401,10/17/2022,DO,2.25
1402,10/18/2022,DO,2.27
1403,10/19/2022,DO,2.25
1404,10/20/2022,DO,2.23
1405,10/21/2022,DO,2.26
1406,10/22/2022,DO,2.2
1407,10/23/2022,DO,2.28
1408,10/24/2022,DO,2.22
1409,10/25/2022,DO,2.28
1410,10/26/2022,DO,2.19
1411,10/27/2022,DO,2.27
1412,10/28/2022,DO,2.25
1413,10/29/2022,DO,2.3
1414,10/30/2022,DO,2.3
1415,10/31/2022,DO,2.36
1416,11/1/2022,DO,2.37
1417,11/2/2022,DO,2.4
1418,11/3/2022,DO,2.36
1419,11/4/2022,DO,2.38
1420,11/5/2022,DO,2.37
1421,11/6/2022,DO,2.37
1422,11/7/2022,DO,2.34
1423,11/8/2022,DO,2.32
1424,11/9/2022,DO,2.32
1425,11/10/2022,DO,2.36
1426,11/11/2022,DO,2.4
1427,11/12/2022,DO,2.35
1428,11/13/2022,DO,2.31
1429,11/14/2022,DO,2.37
1430,11/15/2022,DO,2.41
1431,11/16/2022,DO,2.44
1432,11/17/2022,DO,2.49
1433,11/18/2022,DO,2.49
1434,11/19/2022,DO,2.47
1435,11/20/2022,DO,2.49
1436,11/21/2022,DO,2.46
1437,11/22/2022,DO,2.42
1438,11/23/2022,DO,2.42
1439,11/24/2022,DO,2.43
1440,11/25/2022,DO,2.49
1441,11/26/2022,DO,2.48
1442,11/27/2022,DO,2.48
1443,11/28/2022,DO,2.46
1444,11/29/2022,DO,2.47
1445,11/30/2022,DO,2.5
1446,12/1/2022,DO,2.5
1447,12/2/2022,DO,2.54
1448,12/3/2022,DO,2.52
1449,12/4/2022,DO,2.54
1450,12/5/2022,DO,2.53
1451,12/6/2022,DO,2.54
1452,12/7/2022,DO,2.5
1453,12/8/2022,DO,2.52
1454,12/9/2022,DO,2.53
1455,12/10/2022,DO,2.53
1456,12/11/2022,DO,2.54
1457,12/12/2022,DO,2.5
1458,12/13/2022,DO,2.51
1459,12/14/2022,DO,2.55
1460,12/15/2021,BOD,27.93
1461,12/16/2021,BOD,27.86
1462,12/17/2021,BOD,27.71
1463,12/18/2021,BOD,27.15
1464,12/19/2021,BOD,27.19
1465,12/20/2021,BOD,27.06
1466,12/21/2021,BOD,27.06
1467,12/22/2021,BOD,27.28
1468,12/23/2021,BOD,27.51
1469,12/24/2021,BOD,27.37
1470,12/25/2021,BOD,27.52
1471,12/26/2021,BOD,27.76
1472,12/27/2021,BOD,27.55
1473,12/28/2021,BOD,27.16
1474,12/29/2021,BOD,27.34
1475,12/30/2021,BOD,27.0
1476,12/31/2021,BOD,26.39
1477,1/1/2022,BOD,25.85
1478,1/2/2022,BOD,25.66
1479,1/3/2022,BOD,26.57
1480,1/4/2022,BOD,25.94
1481,1/5/2022,BOD,26.89
1482,1/6/2022,BOD,25.11
1483,1/7/2022,BOD,25.31
1484,1/8/2022,BOD,25.8
1485,1/9/2022,BOD,25.46
1486,1/10/2022,BOD,26.22
1487,1/11/2022,BOD,26.64
1488,1/12/2022,BOD,26.44
1489,1/13/2022,BOD,25.88
1490,1/14/2022,BOD,25.19
1491,1/15/2022,BOD,25.0
1492,1/16/2022,BOD,24.9
1493,1/17/2022,BOD,24.79
1494,1/18/2022,BOD,24.94
1495,1/19/2022,BOD,24.94
1496,1/20/2022,BOD,24.9
1497,1/21/2022,BOD,24.86
1498,1/22/2022,BOD,24.85
1499,1/23/2022,BOD,24.87
1500,1/24/2022,BOD,24.91
1501,1/25/2022,BOD,24.86
1502,1/26/2022,BOD,24.81
1503,1/27/2022,BOD,24.92
1504,1/28/2022,BOD,24.9
1505,1/29/2022,BOD,24.94
1506,1/30/2022,BOD,24.79
1507,1/31/2022,BOD,24.87
1508,2/1/2022,BOD,26.52
1509,2/2/2022,BOD,27.21
1510,2/3/2022,BOD,24.82
1511,2/4/2022,BOD,27.4
1512,2/5/2022,BOD,26.52
1513,2/6/2022,BOD,26.97
1514,2/7/2022,BOD,26.92
1515,2/8/2022,BOD,27.13
1516,2/9/2022,BOD,25.14
1517,2/10/2022,BOD,25.52
1518,2/11/2022,BOD,26.13
1519,2/12/2022,BOD,25.42
1520,2/13/2022,BOD,25.41
1521,2/14/2022,BOD,27.45
1522,2/15/2022,BOD,27.74
1523,2/16/2022,BOD,27.75
1524,2/17/2022,BOD,27.92
1525,2/18/2022,BOD,27.82
1526,2/19/2022,BOD,27.84
1527,2/20/2022,BOD,27.76
1528,2/21/2022,BOD,27.95
1529,2/22/2022,BOD,27.87
1530,2/23/2022,BOD,27.89
1531,2/24/2022,BOD,28.01
1532,2/25/2022,BOD,28.07
1533,2/26/2022,BOD,28.04
1534,2/27/2022,BOD,27.76
1535,2/28/2022,BOD,28.09
1536,3/1/2022,BOD,29.97
1537,3/2/2022,BOD,28.42
1538,3/3/2022,BOD,29.34
1539,3/4/2022,BOD,28.48
1540,3/5/2022,BOD,29.89
1541,3/6/2022,BOD,28.17
1542,3/7/2022,BOD,30.02
1543,3/8/2022,BOD,29.14
1544,3/9/2022,BOD,28.42
1545,3/10/2022,BOD,29.38
1546,3/11/2022,BOD,29.64
1547,3/12/2022,BOD,29.62
1548,3/13/2022,BOD,28.31
1549,3/14/2022,BOD,28.64
1550,3/15/2022,BOD,30.14
1551,3/16/2022,BOD,30.54
1552,3/17/2022,BOD,32.24
1553,3/18/2022,BOD,31.67
1554,3/19/2022,BOD,30.57
1555,3/20/2022,BOD,31.81
1556,3/21/2022,BOD,30.9
1557,3/22/2022,BOD,31.05
1558,3/23/2022,BOD,30.77
1559,3/24/2022,BOD,31.17
1560,3/25/2022,BOD,30.6
1561,3/26/2022,BOD,31.5
1562,3/27/2022,BOD,32.22
1563,3/28/2022,BOD,32.3
1564,3/29/2022,BOD,32.42
1565,3/30/2022,BOD,32.54
1566,3/31/2022,BOD,37.74
1567,4/1/2022,BOD,33.22
1568,4/2/2022,BOD,35.53
1569,4/3/2022,BOD,36.42
1570,4/4/2022,BOD,33.9
1571,4/5/2022,BOD,33.04
1572,4/6/2022,BOD,33.21
1573,4/7/2022,BOD,32.91
1574,4/8/2022,BOD,32.67
1575,4/9/2022,BOD,33.8
1576,4/10/2022,BOD,36.76
1577,4/11/2022,BOD,34.83
1578,4/12/2022,BOD,36.87
1579,4/13/2022,BOD,33.16
1580,4/14/2022,BOD,32.59
1581,4/15/2022,BOD,38.29
1582,4/16/2022,BOD,38.69
1583,4/17/2022,BOD,39.83
1584,4/18/2022,BOD,39.52
1585,4/19/2022,BOD,40.03
1586,4/20/2022,BOD,40.33
1587,4/21/2022,BOD,40.41
1588,4/22/2022,BOD,38.59
1589,4/23/2022,BOD,38.67
1590,4/24/2022,BOD,39.63
1591,4/25/2022,BOD,38.7
1592,4/26/2022,BOD,38.77
1593,4/27/2022,BOD,39.7
1594,4/28/2022,BOD,40.33
1595,4/29/2022,BOD,38.41
1596,4/30/2022,BOD,40.55
1597,5/1/2022,BOD,41.46
1598,5/2/2022,BOD,41.31
1599,5/3/2022,BOD,42.35
1600,5/4/2022,BOD,41.85
1601,5/5/2022,BOD,41.78
1602,5/6/2022,BOD,41.62
1603,5/7/2022,BOD,40.59
1604,5/8/2022,BOD,41.76
1605,5/9/2022,BOD,41.63
1606,5/10/2022,BOD,42.3
1607,5/11/2022,BOD,40.95
1608,5/12/2022,BOD,41.6
1609,5/13/2022,BOD,41.38
1610,5/14/2022,BOD,42.36
1611,5/15/2022,BOD,42.91
1612,5/16/2022,BOD,42.61
1613,5/17/2022,BOD,42.73
1614,5/18/2022,BOD,42.8
1615,5/19/2022,BOD,42.5
1616,5/20/2022,BOD,42.47
1617,5/21/2022,BOD,42.62
1618,5/22/2022,BOD,42.42
1619,5/23/2022,BOD,42.66
1620,5/24/2022,BOD,42.62
1621,5/25/2022,BOD,42.69
1622,5/26/2022,BOD,42.33
1623,5/27/2022,BOD,42.69
1624,5/28/2022,BOD,42.72
1625,5/29/2022,BOD,42.38
1626,5/30/2022,BOD,42.14
1627,5/31/2022,BOD,40.28
1628,6/1/2022,BOD,39.25
1629,6/2/2022,BOD,42.03
1630,6/3/2022,BOD,39.37
1631,6/4/2022,BOD,41.09
1632,6/5/2022,BOD,40.16
1633,6/6/2022,BOD,41.88
1634,6/7/2022,BOD,41.6
1635,6/8/2022,BOD,39.77
1636,6/9/2022,BOD,39.87
1637,6/10/2022,BOD,39.49
1638,6/11/2022,BOD,41.67
1639,6/12/2022,BOD,39.49
1640,6/13/2022,BOD,39.95
1641,6/14/2022,BOD,40.98
1642,6/15/2022,BOD,39.0
1643,6/16/2022,BOD,36.61
1644,6/17/2022,BOD,38.5
1645,6/18/2022,BOD,36.57
1646,6/19/2022,BOD,37.16
1647,6/20/2022,BOD,38.01
1648,6/21/2022,BOD,38.03
1649,6/22/2022,BOD,37.82
1650,6/23/2022,BOD,37.41
1651,6/24/2022,BOD,38.67
1652,6/25/2022,BOD,37.11
1653,6/26/2022,BOD,36.85
1654,6/27/2022,BOD,36.89
1655,6/28/2022,BOD,38.79
1656,6/29/2022,BOD,36.59
1657,6/30/2022,BOD,36.51
1658,7/1/2022,BOD,36.13
1659,7/2/2022,BOD,36.26
1660,7/3/2022,BOD,35.76
1661,7/4/2022,BOD,36.5
1662,7/5/2022,BOD,36.04
1663,7/6/2022,BOD,36.13
1664,7/7/2022,BOD,36.25
1665,7/8/2022,BOD,36.38
1666,7/9/2022,BOD,35.88
1667,7/10/2022,BOD,36.02
1668,7/11/2022,BOD,35.81
1669,7/12/2022,BOD,35.99
1670,7/13/2022,BOD,36.27
1671,7/14/2022,BOD,36.28
1672,7/15/2022,BOD,35.74
1673,7/16/2022,BOD,35.24
1674,7/17/2022,BOD,33.64
1675,7/18/2022,BOD,33.16
1676,7/19/2022,BOD,32.97
1677,7/20/2022,BOD,35.3
1678,7/21/2022,BOD,35.48
1679,7/22/2022,BOD,34.53
1680,7/23/2022,BOD,33.15
1681,7/24/2022,BOD,34.17
1682,7/25/2022,BOD,34.02
1683,7/26/2022,BOD,34.9
1684,7/27/2022,BOD,34.91
1685,7/28/2022,BOD,34.15
1686,7/29/2022,BOD,35.04
1687,7/30/2022,BOD,32.97
1688,7/31/2022,BOD,32.59
1689,8/1/2022,BOD,32.13
1690,8/2/2022,BOD,32.97
1691,8/3/2022,BOD,32.65
1692,8/4/2022,BOD,32.26
1693,8/5/2022,BOD,32.43
1694,8/6/2022,BOD,32.91
1695,8/7/2022,BOD,32.44
1696,8/8/2022,BOD,32.36
1697,8/9/2022,BOD,32.79
1698,8/10/2022,BOD,32.38
1699,8/11/2022,BOD,32.25
1700,8/12/2022,BOD,32.92
1701,8/13/2022,BOD,32.12
1702,8/14/2022,BOD,32.29
1703,8/15/2022,BOD,32.1
1704,8/16/2022,BOD,32.59
1705,8/17/2022,BOD,32.13
1706,8/18/2022,BOD,32.97
1707,8/19/2022,BOD,32.65
1708,8/20/2022,BOD,32.26
1709,8/21/2022,BOD,32.43
1710,8/22/2022,BOD,32.91
1711,8/23/2022,BOD,32.44
1712,8/24/2022,BOD,32.36
1713,8/25/2022,BOD,32.79
1714,8/26/2022,BOD,32.38
1715,8/27/2022,BOD,32.25
1716,8/28/2022,BOD,32.92
1717,8/29/2022,BOD,32.12
1718,8/30/2022,BOD,32.07
1719,8/31/2022,BOD,31.95
1720,9/1/2022,BOD,31.92
1721,9/2/2022,BOD,32.0
1722,9/3/2022,BOD,32.03
1723,9/4/2022,BOD,31.99
1724,9/5/2022,BOD,31.94
1725,9/6/2022,BOD,32.04
1726,9/7/2022,BOD,32.05
1727,9/8/2022,BOD,31.98
1728,9/9/2022,BOD,31.89
1729,9/10/2022,BOD,32.03
1730,9/11/2022,BOD,31.91
1731,9/12/2022,BOD,32.06
1732,9/13/2022,BOD,32.07
1733,9/14/2022,BOD,31.91
1734,9/15/2022,BOD,31.86
1735,9/16/2022,BOD,30.65
1736,9/17/2022,BOD,31.37
1737,9/18/2022,BOD,31.65
1738,9/19/2022,BOD,31.26
1739,9/20/2022,BOD,31.18
1740,9/21/2022,BOD,30.13
1741,9/22/2022,BOD,30.69
1742,9/23/2022,BOD,30.79
1743,9/24/2022,BOD,31.07
1744,9/25/2022,BOD,30.61
1745,9/26/2022,BOD,30.17
1746,9/27/2022,BOD,30.65
1747,9/28/2022,BOD,31.38
1748,9/29/2022,BOD,30.62
1749,9/30/2022,BOD,30.1
1750,10/1/2022,BOD,30.01
1751,10/2/2022,BOD,29.99
1752,10/3/2022,BOD,30.09
1753,10/4/2022,BOD,29.52
1754,10/5/2022,BOD,29.56
1755,10/6/2022,BOD,29.98
1756,10/7/2022,BOD,29.62
1757,10/8/2022,BOD,29.79
1758,10/9/2022,BOD,30.01
1759,10/10/2022,BOD,29.66
1760,10/11/2022,BOD,29.89
1761,10/12/2022,BOD,29.92
1762,10/13/2022,BOD,29.97
1763,10/14/2022,BOD,29.72
1764,10/15/2022,BOD,29.5
1765,10/16/2022,BOD,29.13
1766,10/17/2022,BOD,29.33
1767,10/18/2022,BOD,29.06
1768,10/19/2022,BOD,29.47
1769,10/20/2022,BOD,29.33
1770,10/21/2022,BOD,29.47
1771,10/22/2022,BOD,29.04
1772,10/23/2022,BOD,29.38
1773,10/24/2022,BOD,29.12
1774,10/25/2022,BOD,29.09
1775,10/26/2022,BOD,29.27
1776,10/27/2022,BOD,29.22
1777,10/28/2022,BOD,29.01
1778,10/29/2022,BOD,29.31
1779,10/30/2022,BOD,29.0
1780,10/31/2022,BOD,28.93
1781,11/1/2022,BOD,28.36
1782,11/2/2022,BOD,28.35
1783,11/3/2022,BOD,28.78
1784,11/4/2022,BOD,28.71
1785,11/5/2022,BOD,28.57
1786,11/6/2022,BOD,28.55
1787,11/7/2022,BOD,28.5
1788,11/8/2022,BOD,28.42
1789,11/9/2022,BOD,28.92
1790,11/10/2022,BOD,28.48
1791,11/11/2022,BOD,28.88
1792,11/12/2022,BOD,28.98
1793,11/13/2022,BOD,28.55
1794,11/14/2022,BOD,28.42
1795,11/15/2022,BOD,28.33
1796,11/16/2022,BOD,28.31
1797,11/17/2022,BOD,28.25
1798,11/18/2022,BOD,28.23
1799,11/19/2022,BOD,28.29
1800,11/20/2022,BOD,28.15
1801,11/21/2022,BOD,28.17
1802,11/22/2022,BOD,28.17
1803,11/23/2022,BOD,28.16
1804,11/24/2022,BOD,28.31
1805,11/25/2022,BOD,28.23
1806,11/26/2022,BOD,28.2
1807,11/27/2022,BOD,28.2
1808,11/28/2022,BOD,28.16
1809,11/29/2022,BOD,28.29
1810,11/30/2022,BOD,28.14
1811,12/1/2022,BOD,28.08
1812,12/2/2022,BOD,27.92
1813,12/3/2022,BOD,27.77
1814,12/4/2022,BOD,28.05
1815,12/5/2022,BOD,27.75
1816,12/6/2022,BOD,28.13
1817,12/7/2022,BOD,27.75
1818,12/8/2022,BOD,27.86
1819,12/9/2022,BOD,27.72
1820,12/10/2022,BOD,27.9
1821,12/11/2022,BOD,28.11
1822,12/12/2022,BOD,28.06
1823,12/13/2022,BOD,27.98
1824,12/14/2022,BOD,27.92
1825,12/15/2021,TN,1.27
1826,12/16/2021,TN,1.19
1827,12/17/2021,TN,1.23
1828,12/18/2021,TN,1.12
1829,12/19/2021,TN,1.13
1830,12/20/2021,TN,1.11
1831,12/21/2021,TN,1.24
1832,12/22/2021,TN,1.11
1833,12/23/2021,TN,1.24
1834,12/24/2021,TN,1.14
1835,12/25/2021,TN,1.14
1836,12/26/2021,TN,1.16
1837,12/27/2021,TN,1.27
1838,12/28/2021,TN,1.14
1839,12/29/2021,TN,1.21
1840,12/30/2021,TN,1.11
1841,12/31/2021,TN,0.89
1842,1/1/2022,TN,0.85
1843,1/2/2022,TN,0.84
1844,1/3/2022,TN,0.94
1845,1/4/2022,TN,0.99
1846,1/5/2022,TN,0.88
1847,1/6/2022,TN,1.11
1848,1/7/2022,TN,0.94
1849,1/8/2022,TN,1.06
1850,1/9/2022,TN,0.79
1851,1/10/2022,TN,1.02
1852,1/11/2022,TN,0.98
1853,1/12/2022,TN,0.93
1854,1/13/2022,TN,1.07
1855,1/14/2022,TN,1.0
1856,1/15/2022,TN,0.77
1857,1/16/2022,TN,0.81
1858,1/17/2022,TN,0.79
1859,1/18/2022,TN,0.9
1860,1/19/2022,TN,0.79
1861,1/20/2022,TN,0.91
1862,1/21/2022,TN,0.87
1863,1/22/2022,TN,0.85
1864,1/23/2022,TN,0.9
1865,1/24/2022,TN,0.83
1866,1/25/2022,TN,0.83
1867,1/26/2022,TN,0.82
1868,1/27/2022,TN,0.82
1869,1/28/2022,TN,0.82
1870,1/29/2022,TN,0.88
1871,1/30/2022,TN,0.94
1872,1/31/2022,TN,0.96
1873,2/1/2022,TN,0.96
1874,2/2/2022,TN,1.04
1875,2/3/2022,TN,0.96
1876,2/4/2022,TN,1.05
1877,2/5/2022,TN,0.98
1878,2/6/2022,TN,1.03
1879,2/7/2022,TN,0.95
1880,2/8/2022,TN,1.05
1881,2/9/2022,TN,1.0
1882,2/10/2022,TN,1.05
1883,2/11/2022,TN,1.09
1884,2/12/2022,TN,0.95
1885,2/13/2022,TN,1.01
1886,2/14/2022,TN,1.06
1887,2/15/2022,TN,1.1
1888,2/16/2022,TN,1.11
1889,2/17/2022,TN,1.11
1890,2/18/2022,TN,1.18
1891,2/19/2022,TN,1.17
1892,2/20/2022,TN,1.24
1893,2/21/2022,TN,1.17
1894,2/22/2022,TN,1.12
1895,2/23/2022,TN,1.14
1896,2/24/2022,TN,1.12
1897,2/25/2022,TN,1.22
1898,2/26/2022,TN,1.11
1899,2/27/2022,TN,1.2
1900,2/28/2022,TN,1.25
1901,3/1/2022,TN,1.56
1902,3/2/2022,TN,1.49
1903,3/3/2022,TN,1.62
1904,3/4/2022,TN,1.27
1905,3/5/2022,TN,1.44
1906,3/6/2022,TN,1.28
1907,3/7/2022,TN,1.42
1908,3/8/2022,TN,1.53
1909,3/9/2022,TN,1.35
1910,3/10/2022,TN,1.59
1911,3/11/2022,TN,1.36
1912,3/12/2022,TN,1.26
1913,3/13/2022,TN,1.37
1914,3/14/2022,TN,1.51
1915,3/15/2022,TN,1.63
1916,3/16/2022,TN,1.74
1917,3/17/2022,TN,1.87
1918,3/18/2022,TN,1.72
1919,3/19/2022,TN,1.65
1920,3/20/2022,TN,1.91
1921,3/21/2022,TN,1.82
1922,3/22/2022,TN,1.78
1923,3/23/2022,TN,1.79
1924,3/24/2022,TN,1.72
1925,3/25/2022,TN,1.69
1926,3/26/2022,TN,1.82
1927,3/27/2022,TN,1.68
1928,3/28/2022,TN,2.0
1929,3/29/2022,TN,1.72
1930,3/30/2022,TN,2.03
1931,3/31/2022,TN,2.64
1932,4/1/2022,TN,2.79
1933,4/2/2022,TN,2.78
1934,4/3/2022,TN,2.37
1935,4/4/2022,TN,2.2
1936,4/5/2022,TN,2.64
1937,4/6/2022,TN,2.42
1938,4/7/2022,TN,2.05
1939,4/8/2022,TN,2.78
1940,4/9/2022,TN,2.73
1941,4/10/2022,TN,2.42
1942,4/11/2022,TN,2.77
1943,4/12/2022,TN,2.18
1944,4/13/2022,TN,2.21
1945,4/14/2022,TN,2.52
1946,4/15/2022,TN,2.8
1947,4/16/2022,TN,3.0
1948,4/17/2022,TN,2.91
1949,4/18/2022,TN,3.05
1950,4/19/2022,TN,2.96
1951,4/20/2022,TN,2.98
1952,4/21/2022,TN,2.98
1953,4/22/2022,TN,2.81
1954,4/23/2022,TN,2.98
1955,4/24/2022,TN,2.99
1956,4/25/2022,TN,3.08
1957,4/26/2022,TN,2.89
1958,4/27/2022,TN,3.03
1959,4/28/2022,TN,2.92
1960,4/29/2022,TN,3.06
1961,4/30/2022,TN,3.1
1962,5/1/2022,TN,3.38
1963,5/2/2022,TN,3.32
1964,5/3/2022,TN,3.18
1965,5/4/2022,TN,3.17
1966,5/5/2022,TN,3.21
1967,5/6/2022,TN,3.37
1968,5/7/2022,TN,3.15
1969,5/8/2022,TN,3.28
1970,5/9/2022,TN,3.28
1971,5/10/2022,TN,3.26
1972,5/11/2022,TN,3.17
1973,5/12/2022,TN,3.32
1974,5/13/2022,TN,3.2
1975,5/14/2022,TN,3.25
1976,5/15/2022,TN,3.42
1977,5/16/2022,TN,3.37
1978,5/17/2022,TN,3.38
1979,5/18/2022,TN,3.29
1980,5/19/2022,TN,3.33
1981,5/20/2022,TN,3.32
1982,5/21/2022,TN,3.31
1983,5/22/2022,TN,3.29
1984,5/23/2022,TN,3.3
1985,5/24/2022,TN,3.3
1986,5/25/2022,TN,3.38
1987,5/26/2022,TN,3.28
1988,5/27/2022,TN,3.37
1989,5/28/2022,TN,3.42
1990,5/29/2022,TN,3.28
1991,5/30/2022,TN,3.27
1992,5/31/2022,TN,3.0
1993,6/1/2022,TN,3.25
1994,6/2/2022,TN,3.01
1995,6/3/2022,TN,2.94
1996,6/4/2022,TN,3.05
1997,6/5/2022,TN,3.01
1998,6/6/2022,TN,3.25
1999,6/7/2022,TN,3.21
2000,6/8/2022,TN,3.01
2001,6/9/2022,TN,3.25
2002,6/10/2022,TN,3.23
2003,6/11/2022,TN,3.12
2004,6/12/2022,TN,3.08
2005,6/13/2022,TN,3.04
2006,6/14/2022,TN,3.08
2007,6/15/2022,TN,2.9
2008,6/16/2022,TN,2.7
2009,6/17/2022,TN,2.76
2010,6/18/2022,TN,2.7
2011,6/19/2022,TN,2.74
2012,6/20/2022,TN,2.6
2013,6/21/2022,TN,2.81
2014,6/22/2022,TN,2.72
2015,6/23/2022,TN,2.55
2016,6/24/2022,TN,2.74
2017,6/25/2022,TN,2.68
2018,6/26/2022,TN,2.7
2019,6/27/2022,TN,2.77
2020,6/28/2022,TN,2.66
2021,6/29/2022,TN,2.62
2022,6/30/2022,TN,2.55
2023,7/1/2022,TN,2.54
2024,7/2/2022,TN,2.54
2025,7/3/2022,TN,2.36
2026,7/4/2022,TN,2.25
2027,7/5/2022,TN,2.37
2028,7/6/2022,TN,2.26
2029,7/7/2022,TN,2.32
2030,7/8/2022,TN,2.4
2031,7/9/2022,TN,2.25
2032,7/10/2022,TN,2.3
2033,7/11/2022,TN,2.18
2034,7/12/2022,TN,2.42
2035,7/13/2022,TN,2.28
2036,7/14/2022,TN,2.2
2037,7/15/2022,TN,2.17
2038,7/16/2022,TN,2.18
2039,7/17/2022,TN,2.2
2040,7/18/2022,TN,2.19
2041,7/19/2022,TN,2.18
2042,7/20/2022,TN,2.18
2043,7/21/2022,TN,2.18
2044,7/22/2022,TN,2.17
2045,7/23/2022,TN,2.18
2046,7/24/2022,TN,2.19
2047,7/25/2022,TN,2.17
2048,7/26/2022,TN,2.19
2049,7/27/2022,TN,2.19
2050,7/28/2022,TN,2.18
2051,7/29/2022,TN,2.17
2052,7/30/2022,TN,2.2
2053,7/31/2022,TN,2.17
2054,8/1/2022,TN,2.12
2055,8/2/2022,TN,2.14
2056,8/3/2022,TN,2.17
2057,8/4/2022,TN,2.15
2058,8/5/2022,TN,2.16
2059,8/6/2022,TN,2.11
2060,8/7/2022,TN,2.11
2061,8/8/2022,TN,2.13
2062,8/9/2022,TN,2.14
2063,8/10/2022,TN,2.18
2064,8/11/2022,TN,2.09
2065,8/12/2022,TN,2.14
2066,8/13/2022,TN,2.13
2067,8/14/2022,TN,2.17
2068,8/15/2022,TN,2.09
2069,8/16/2022,TN,2.17
2070,8/17/2022,TN,2.12
2071,8/18/2022,TN,2.14
2072,8/19/2022,TN,2.17
2073,8/20/2022,TN,2.15
2074,8/21/2022,TN,2.16
2075,8/22/2022,TN,2.11
2076,8/23/2022,TN,2.11
2077,8/24/2022,TN,2.13
2078,8/25/2022,TN,2.14
2079,8/26/2022,TN,2.18
2080,8/27/2022,TN,2.09
2081,8/28/2022,TN,2.14
2082,8/29/2022,TN,2.13
2083,8/30/2022,TN,1.98
2084,8/31/2022,TN,1.98
2085,9/1/2022,TN,1.98
2086,9/2/2022,TN,1.98
2087,9/3/2022,TN,1.98
2088,9/4/2022,TN,1.98
2089,9/5/2022,TN,1.98
2090,9/6/2022,TN,1.98
2091,9/7/2022,TN,1.98
2092,9/8/2022,TN,1.98
2093,9/9/2022,TN,1.98
2094,9/10/2022,TN,1.98
2095,9/11/2022,TN,1.98
2096,9/12/2022,TN,1.98
2097,9/13/2022,TN,1.98
2098,9/14/2022,TN,1.98
2099,9/15/2022,TN,1.98
2100,9/16/2022,TN,1.89
2101,9/17/2022,TN,1.91
2102,9/18/2022,TN,1.97
2103,9/19/2022,TN,1.95
2104,9/20/2022,TN,1.89
2105,9/21/2022,TN,1.92
2106,9/22/2022,TN,1.92
2107,9/23/2022,TN,1.93
2108,9/24/2022,TN,1.97
2109,9/25/2022,TN,1.89
2110,9/26/2022,TN,1.89
2111,9/27/2022,TN,1.97
2112,9/28/2022,TN,1.9
2113,9/29/2022,TN,1.97
2114,9/30/2022,TN,1.88
2115,10/1/2022,TN,1.52
2116,10/2/2022,TN,1.78
2117,10/3/2022,TN,1.51
2118,10/4/2022,TN,1.54
2119,10/5/2022,TN,1.77
2120,10/6/2022,TN,1.53
2121,10/7/2022,TN,1.81
2122,10/8/2022,TN,1.83
2123,10/9/2022,TN,1.67
2124,10/10/2022,TN,1.83
2125,10/11/2022,TN,1.71
2126,10/12/2022,TN,1.63
2127,10/13/2022,TN,1.5
2128,10/14/2022,TN,1.86
2129,10/15/2022,TN,1.49
2130,10/16/2022,TN,1.3
2131,10/17/2022,TN,1.36
2132,10/18/2022,TN,1.31
2133,10/19/2022,TN,1.23
2134,10/20/2022,TN,1.28
2135,10/21/2022,TN,1.21
2136,10/22/2022,TN,1.21
2137,10/23/2022,TN,1.18
2138,10/24/2022,TN,1.26
2139,10/25/2022,TN,1.43
2140,10/26/2022,TN,1.48
2141,10/27/2022,TN,1.2
2142,10/28/2022,TN,1.28
2143,10/29/2022,TN,1.29
2144,10/30/2022,TN,1.15
2145,10/31/2022,TN,1.24
2146,11/1/2022,TN,1.23
2147,11/2/2022,TN,1.17
2148,11/3/2022,TN,1.21
2149,11/4/2022,TN,1.19
2150,11/5/2022,TN,1.21
2151,11/6/2022,TN,1.24
2152,11/7/2022,TN,1.2
2153,11/8/2022,TN,1.25
2154,11/9/2022,TN,1.27
2155,11/10/2022,TN,1.2
2156,11/11/2022,TN,1.2
2157,11/12/2022,TN,1.27
2158,11/13/2022,TN,1.17
2159,11/14/2022,TN,1.27
2160,11/15/2022,TN,1.27
2161,11/16/2022,TN,1.28
2162,11/17/2022,TN,1.29
2163,11/18/2022,TN,1.29
2164,11/19/2022,TN,1.27
2165,11/20/2022,TN,1.28
2166,11/21/2022,TN,1.29
2167,11/22/2022,TN,1.28
2168,11/23/2022,TN,1.28
2169,11/24/2022,TN,1.29
2170,11/25/2022,TN,1.28
2171,11/26/2022,TN,1.28
2172,11/27/2022,TN,1.28
2173,11/28/2022,TN,1.27
2174,11/29/2022,TN,1.27
2175,11/30/2022,TN,1.29
2176,12/1/2022,TN,1.33
2177,12/2/2022,TN,1.32
2178,12/3/2022,TN,1.29
2179,12/4/2022,TN,1.33
2180,12/5/2022,TN,1.31
2181,12/6/2022,TN,1.29
2182,12/7/2022,TN,1.34
2183,12/8/2022,TN,1.32
2184,12/9/2022,TN,1.29
2185,12/10/2022,TN,1.31
2186,12/11/2022,TN,1.33
2187,12/12/2022,TN,1.3
2188,12/13/2022,TN,1.31
2189,12/14/2022,TN,1.32
